review_id;user_id;username;product_id;product_name;review_date;city;is_verified_purchase;likes_count;rating;review_text
1;20137;urban_runner_1037;1018;Дрель аккумуляторная «Мастер»;25.12.2025;Улан-Удэ;true;9;4;Сначала изучал отзывы с фотографиями, потому что нужна была вещь под сценарий «для мелкого ремонта», а не красивая коробка с обещаниями. Больше всего понравилось, что в руке лежит уверенно. Ещё заметно, что подсветка помогает в углах. По мелочам картина такая: размер оказался ближе к верхней границе ожиданий. Если совсем придираться, зарядник греется, но я к этому быстро привык. Есть мелочи, но они не портят общего впечатления, поэтому оценка высокая.
2;20274;brave_badger_1074;1015;Колонка «Звук»;05.02.2026;Сургут;false;0;3;"Брал с запасом по времени; ожидания были простые, но проверка дома всё равно дала пару сюрпризов. С задачей справляется, потому что соединяется быстро; правда, нет чехла в комплекте. Не думал, что обращу внимание, но детали в коробке не болтались. С одной стороны, бас есть, но без грохота; с другой — корпус пачкается. Писал отзыв не в день покупки, специально подождал до спокойного вывода. Мне важнее практичность, поэтому на красивую упаковку почти не смотрел. Кому важны базовые функции, может подойти; чудес ждать не стоит."
3;20411;calm_planet_1111;1017;Кресло офисное «Опора»;15.08.2025;Хабаровск;true;3;4;"Попросили дома выбрать что-нибудь практичное; сценарий был простой — сыну к компьютеру, поэтому заметил не только очевидные вещи. В моём сценарии всё сошлось удачно: спина устает меньше; ещё один плюс — собралось без лишних усилий. Не думал, что обращу внимание, но цена на момент покупки была средней. Не всё идеально, например через пару дней появился скрип, но общее ощущение всё равно хорошее. Есть мелочи, но они не портят общего впечатления, поэтому оценка высокая."
4;20548;stone_stone_1148;1014;Смарт-часы «Пульс»;24.05.2025;Пермь;true;13;3;Заказал на пробу и не строил больших планов: под задачу «в подарок мужу» — любые мелкие неудобства проявились довольно быстро. В первый день казалось лучше, потом мнение стало спокойнее: будильник вибрирует аккуратно, но ремешок собирает пыль. Вроде не главный пункт, однако доставка задержалась на один день. Плюс в том, что шаги считает похоже на правду. Минус рядом: зарядный магнит слабоват. Без рекламного восторга, просто впечатление от покупки в обычной жизни. Для нетребовательного пользователя нормально, для придирчивого будут поводы ворчать.
5;20685;gold_ocean_1185;1011;Беспроводная мышь «Клик»;07.12.2025;Мурманск;true;6;3;Выбрала из-за отзывов и цены: под задачу «для офисного компьютера» — любые мелкие неудобства проявились довольно быстро. Для своей цены терпимо: колёсико прокручивается тихо. Из неприятного — приёмник легко потерять. Из того, что не сразу видно по карточке: запуск не занял много времени. Когда пользуешься недолго, радует, что подключилась без танцев, но в быту вспоминаешь: пластик скользит. Внешний вид не главный, поэтому смотрел больше на удобство. Если выбирать заново, сравнил бы внимательнее с соседними моделями.
6;20822;east_notebook_1222;1013;Блендер «Вихрь»;14.11.2025;Ярославль;true;7;4;"Проверила в тот же вечер, и после проверки в обычном режиме стало ясно, где сильные и слабые стороны. Ожидал нормальный уровень, а получил чуть лучше: ножи острые; мыть детали удобно. По мелочам картина такая: размер оказался ближе к верхней границе ожиданий. Если совсем придираться, при густом соусе приходится помогать ложкой, но я к этому быстро привык. После проверки сомнения ушли, сейчас воспринимаю покупку как удачную."
7;20959;wind_lantern_1259;1010;Электронная книга «Страница»;11.02.2025;Чебоксары;false;5;4;Выбирала вечером, когда терпения на сравнения почти не осталось, хотя обычно такие покупки оцениваю только после спокойного использования. Плюсы проявились быстро: заряд держится неделями, плюс обложка закрывается плотно, и ничего не пришлось дорабатывать. По мелочам картина такая: сначала не понял, куда деть лишнюю упаковку. Есть мелкая оговорка: меню сначала кажется запутанным, однако на оценку почти не влияет. Оставляю высокую оценку: покупка действительно помогает, а не просто занимает место.
8;21096;happy_pilot_1296;1007;Рюкзак «Город»;13.06.2025;Владимир;true;5;1;"Покупка получилась спонтанной; сначала смотрел на цену, но в итоге решали ощущения в повседневном использовании. Пользоваться можно, но раздражения много: после дождя ткань темнеет, плюс внутри не хватает маленького кармана. Для меня это было заметно: по весу вещь показалась серьёзнее, чем на фото. Если закрыть глаза на проблемы, можно отметить, что ткань выглядит плотной. Возвращать уже поздно, но второй раз такой вариант точно не купил бы."
9;21233;simple_otter_1333;1009;Смартфон «Искра»;24.01.2026;Череповец;true;1;1;Выбирал между двумя похожими вариантами: покупка была под сценарий «для фото в поездках», поэтому оценивал не внешний вид, а удобство в деле. Пользоваться можно, но раздражения много: динамик на максимуме хрипит, плюс зарядка в комплекте слабая. Отдельно отмечу бытовую мелочь: по размеру всё встало туда, куда планировал. Нельзя сказать, что всё плохо: батареи хватает до вечера, однако настроение это не спасает. Может быть, я придираюсь, но такие детали замечаешь только дома. Возможно, в другом режиме использования впечатление было бы мягче. Возможно, кому-то повезёт больше, но мой экземпляр оставил плохое впечатление.
10;21370;silent_rocket_1370;1006;Кофеварка «Бодрое утро»;10.11.2025;Новокузнецк;true;0;3;"Взяла из-за срочной необходимости; в первый день мнение было одним, а к концу недели стало заметно больше нюансов. Удобство есть, но не без оговорок: пенку взбивает прилично, зато первую порцию приходится прогонять впустую. Из того, что не сразу видно по карточке: на витрине видел похожую вещь дороже. Когда пользуешься недолго, радует, что мыть её несложно, но в быту вспоминаешь: под высокую кружку места мало. Может быть, я придираюсь, но такие детали замечаешь только дома. За полную цену подумал бы ещё раз, со скидкой вариант нормальный."
11;21507;urban_cloud_1407;1003;Робот-пылесос «Чистюля»;08.03.2026;Брянск;true;33;5;"Покупала перед поездкой; сначала смотрел на цену, но в итоге решали ощущения в повседневном использовании. Без лишней настройки получилось пользоваться сразу: контейнер вынимается легко, крошки собирает уверенно. По мелочам картина такая: в комплект заглянул внимательнее только на следующий день. Минус нашёлся — ночью его лучше не запускать из-за шума; просто он не перекрывает остальные плюсы. Свою задачу закрывает уверенно, поэтому отзыв оставляю положительный."
12;21644;brave_forest_1444;1005;Увлажнитель воздуха «Туман»;22.02.2025;Чебоксары;true;7;3;"Сомневался до последнего; сценарий был простой — на отопительный сезон, поэтому заметил не только очевидные вещи. Обычная покупка без сюрпризов: воду доливать удобно, при этом индикатор ночью слишком яркий. Вроде не главный пункт, однако дома сразу нашёлся человек, который захотел проверить первым. Главный плюс понятен — подсветка мягкая; главный компромисс тоже рядом — вокруг иногда появляется белый налёт. Кому важны базовые функции, может подойти; чудес ждать не стоит."
13;21781;calm_canvas_1481;1002;Наушники «Волна»;08.06.2025;Липецк;true;8;4;"В корзине лежало три варианта, оставил этот: сценарий для созвонов быстро показал, какие мелочи действительно важны. Сначала не обратил внимания, но потом оценил: микрофон нормально ловит речь. Второй плюс — звук чистый на средней громкости. Из бытовых наблюдений — на столе выглядит аккуратнее, чем ожидал. Минус нашёлся — кейс быстро царапается; просто он не перекрывает остальные плюсы. Сравнение не совсем честное, потому что прошлой вещью пользовался несколько лет. Для моего сценария это попадание, пользоваться приятно почти каждый день."
14;21918;stone_cactus_1518;1019;Термокружка «Тепло»;22.04.2025;Ставрополь;true;26;3;"Заказывал поздно ночью и боялся ошибиться: сценарий был такой — на работу, и на третий день стало понятно, насколько покупка попала в ожидания. С задачей справляется, потому что чай остаётся горячим долго; правда, если перевернуть резко, капля всё же выходит. По мелочам картина такая: на столе выглядит аккуратнее, чем ожидал. С одной стороны, крышка не протекает; с другой — объём кажется меньше заявленного. Сначала дома отнеслись скептически, потом тоже заметили результат. Возможно, в другом режиме использования впечатление было бы мягче. Оставлю, но всем подряд советовать не стану."
15;22055;gold_tiger_1555;1001;Электрический чайник «Север»;18.03.2025;Тольятти;true;0;1;Покупала после неудачного опыта с другой маркой: покупка была под сценарий «для ежедневного завтрака», поэтому оценивал не внешний вид, а удобство в деле. Минусы перекрыли нормальные стороны: шкала воды читается плохо, крышка иногда заедает. Мелочь, но она повлияла на впечатление: упаковку открывали всей семьёй. Поначалу понравилось, что крышка открывается мягко, но потом минусы вылезли сильнее. Может быть, я придираюсь, но такие детали замечаешь только дома. Поставил низкую оценку не из вредности, а из-за реальных проблем в использовании.
16;22192;east_falcon_1592;1018;Дрель аккумуляторная «Мастер»;23.02.2025;Белгород;true;10;3;"Покупка оказалась полезнее, чем думал, хотя обычно такие покупки оцениваю только после спокойного использования. Сильной эмоции покупка не вызвала: кейс удобный, а переключатель туговат напоминает, что это не идеал. Из того, что не сразу видно по карточке: на столе выглядит аккуратнее, чем ожидал. С одной стороны, подсветка помогает в углах; с другой — на бетоне сдаётся быстро. Кому важны базовые функции, может подойти; чудес ждать не стоит."
17;22329;wind_sparrow_1629;1015;Колонка «Звук»;06.01.2025;Тольятти;false;8;4;На подарок брать не рискнул, сначала проверил сам: хотелось, чтобы сценарий «для фоновой музыки во время уборки» закрывался без лишних танцев. Больше всего понравилось, что голос в подкастах разборчивый. Ещё заметно, что играет громко для своего размера. Вроде ерунда, но в комплект заглянул внимательнее только на следующий день. Пару раз вспоминал, что нет чехла в комплекте, однако раздражения это не вызвало. Без рекламного восторга, просто впечатление от покупки в обычной жизни. Сравнивал с тем, что уже было дома, и разница проявилась не сразу. Для моего сценария это попадание, пользоваться приятно почти каждый день.
18;22466;happy_pixel_1666;1017;Кресло офисное «Опора»;21.08.2025;Брянск;true;51;5;"Сравнение с прошлой вещью получилось не везде честным: под задачу «для удалённой работы» — любые мелкие неудобства проявились довольно быстро. В ежедневном использовании порадовало, что собралось без лишних усилий; второе удачное наблюдение — подлокотники стоят ровно. Вроде не главный пункт, однако в комплекте не было ничего лишнего. Если совсем придираться, болты пришлось подтягивать, но я к этому быстро привык. Слишком громких выводов делать не хочу, но впечатление уже сложилось. Для моего сценария это попадание, пользоваться приятно почти каждый день."
19;22603;simple_harbor_1703;1014;Смарт-часы «Пульс»;07.03.2025;Иркутск;false;6;4;"Купила по совету знакомой; сценарий был простой — на каждый день, поэтому заметил не только очевидные вещи. В ежедневном использовании порадовало, что уведомления приходят быстро; второе удачное наблюдение — ремешок мягкий. Не думал, что обращу внимание, но наклейки снялись без следов. Если совсем придираться, зарядный магнит слабоват, но я к этому быстро привык. Оставляю высокую оценку: покупка действительно помогает, а не просто занимает место."
20;22740;silent_vector_1740;1011;Беспроводная мышь «Клик»;05.01.2026;Магнитогорск;true;7;4;"Покупка не из тех, что вызывает восторг на старте; после пары выходных стало понятно, что описание передаёт только часть картины. Сначала не обратил внимания, но потом оценил: колёсико прокручивается тихо. Второй плюс — подключилась без танцев. Из бытовых наблюдений — по весу вещь показалась серьёзнее, чем на фото. Есть мелкая оговорка: пластик скользит, однако на оценку почти не влияет. Писал отзыв не в день покупки, специально подождал до спокойного вывода. Больше всего радует, что не пришлось привыкать или искать обходные решения."
21;22877;urban_marble_1777;1013;Блендер «Вихрь»;27.01.2025;Белгород;true;0;3;Решил посмотреть, как поведёт себя в реальных условиях: хотелось, чтобы сценарий «на кухню после ремонта» закрывался без лишних танцев. Сильной эмоции покупка не вызвала: мыть детали удобно, а на второй скорости сильно шумит напоминает, что это не идеал. Не думал, что обращу внимание, но запаха почти не было. В зависимости от ожиданий это можно простить, но я всё равно замечаю, что чаша тяжеловата. Свою работу делает, но любви с первого взгляда не случилось.
22;23014;brave_panda_1814;1010;Электронная книга «Страница»;30.03.2026;Уфа;true;6;4;"Сравнение с прошлой вещью получилось не везде честным; ожидания были простые, но проверка дома всё равно дала пару сюрпризов. Плюсы проявились быстро: глаза устают меньше, плюс шрифты настраиваются удобно, и ничего не пришлось дорабатывать. Отдельно отмечу бытовую мелочь: дома сразу нашлось подходящее место. Есть мелкая оговорка: обложка добавляет веса, однако на оценку почти не влияет. Проверял в обычных условиях, без специальных тестов. Для моего сценария это попадание, пользоваться приятно почти каждый день."
23;23151;calm_dreamer_1851;1007;Рюкзак «Город»;09.03.2026;Иркутск;true;10;3;"Сначала хотел сэкономить ещё сильнее, хотя обычно такие покупки оцениваю только после спокойного использования. Обычная покупка без сюрпризов: ткань выглядит плотной, при этом после дождя ткань темнеет. Из того, что не сразу видно по карточке: в комплекте не было ничего лишнего. Главный плюс понятен — ноутбук помещается спокойно; главный компромисс тоже рядом — ремешки быстро ослабляются. В целом жить можно, просто некоторые решения вызывают вопросы."
24;23288;stone_wolf_1888;1009;Смартфон «Искра»;11.11.2025;Москва;true;6;3;"Обычно я быстро нахожу минусы, здесь тоже без них не обошлось; сценарий был простой — ребёнку для школы, поэтому заметил не только очевидные вещи. Есть удачные моменты — сканер срабатывает быстро; при этом ночные фото мыльные. Не думал, что обращу внимание, но в руке ощущается проще, чем на картинке. В зависимости от ожиданий это можно простить, но я всё равно замечаю, что зарядка в комплекте слабая. Сравнение не совсем честное, потому что прошлой вещью пользовался несколько лет. Покупку не жалею, но восторга тоже нет."
25;23425;gold_echo_1925;1006;Кофеварка «Бодрое утро»;18.01.2025;Череповец;false;5;4;"Мне было важно обойтись без сюрпризов; ожидания были простые, но проверка дома всё равно дала пару сюрпризов. Сначала не обратил внимания, но потом оценил: панель управления простая. Второй плюс — пенку взбивает прилично. Неожиданная деталь: запуск не занял много времени. Если совсем придираться, вибрация на столе заметная, но я к этому быстро привык. Отзыв получается не совсем однозначный, зато честный по ощущениям. Мне важнее практичность, поэтому на красивую упаковку почти не смотрел. Есть мелочи, но они не портят общего впечатления, поэтому оценка высокая."
26;23562;east_bridge_1962;1003;Робот-пылесос «Чистюля»;07.08.2025;Кемерово;true;1;2;"Сомневался до последнего; вещь прошла обычную домашнюю проверку, а не показательный тест на пять минут. Главная проблема — углы проходит лениво. С этим ещё можно было бы жить, если бы не на ковре иногда буксует. В реальной жизни оказалось важно, что в комплект заглянул внимательнее только на следующий день. Поначалу понравилось, что шерсть собирает лучше, чем ожидалось, но потом минусы вылезли сильнее. Писал отзыв не в день покупки, специально подождал до спокойного вывода. Итог простой: ожидал помощника, получил источник раздражения."
27;23699;wind_button_1999;1005;Увлажнитель воздуха «Туман»;27.06.2025;Улан-Удэ;true;5;3;"На фотографиях казалось иначе; сначала смотрел на цену, но в итоге решали ощущения в повседневном использовании. Если не придираться, пользоваться можно: резервуара хватает на ночь. Но после недели появился лёгкий булькающий звук портит общее ощущение. Плюс в том, что комната перестала быть сухой. Минус рядом: вокруг иногда появляется белый налёт. Проверял в обычных условиях, без специальных тестов. Оставлю, но всем подряд советовать не стану."
28;23836;happy_sunset_2036;1002;Наушники «Волна»;06.04.2025;Иркутск;false;20;5;Решил оставить отзыв после нескольких обычных дней, и после проверки в обычном режиме стало ясно, где сильные и слабые стороны. Сначала не обратил внимания, но потом оценил: заряд держится долго. Второй плюс — звук чистый на средней громкости. По мелочам картина такая: первое включение заняло пару минут. Есть мелкая оговорка: на ветру микрофон слышит шум, однако на оценку почти не влияет. Для подарка оценивал бы строже, для себя отношусь спокойнее. Сравнивал с тем, что уже было дома, и разница проявилась не сразу. Рекомендовать могу спокойно, особенно если не ждать роскоши за умеренные деньги.
29;23973;simple_walker_2073;1019;Термокружка «Тепло»;16.11.2025;Липецк;true;7;2;"Поставила в список покупок заранее; ожидания были простые, но проверка дома всё равно дала пару сюрпризов. Разочарование началось не сразу: крышка разбирается неочевидно, а потом ещё выяснилось, что дно скользит на столе. Не думал, что обращу внимание, но комплектация совпала с описанием. Внешне всё ещё нормально, да и в подстаканник машины входит, но пользоваться приятно не стало. Слишком громких выводов делать не хочу, но впечатление уже сложилось. Возможно, в другом режиме использования впечатление было бы мягче. Не советую брать без проверки, слишком много неприятных нюансов."
30;24110;silent_rider_2110;1001;Электрический чайник «Север»;08.04.2025;Тюмень;false;16;1;"Брал на замену старой вещи; в первый день мнение было одним, а после десяти дней стало заметно больше нюансов. В моём случае покупка не зашла: после кипячения остаётся запах пластика; к тому же подставка кажется лёгкой. Вроде не главный пункт, однако первое включение заняло пару минут. Поначалу понравилось, что носик наливает без капель, но потом минусы вылезли сильнее. Для редкого использования ещё терпимо, для ежедневного — нет."
31;24247;urban_lion_2147;1018;Дрель аккумуляторная «Мастер»;02.01.2026;Москва;true;1;4;"Купила по совету знакомой; ожидания были простые, но проверка дома всё равно дала пару сюрпризов. В ежедневном использовании порадовало, что подсветка помогает в углах; второе удачное наблюдение — аккумулятор заряжается быстро. Неожиданная деталь: по весу вещь показалась серьёзнее, чем на фото. Минус нашёлся — второго аккумулятора не хватает; просто он не перекрывает остальные плюсы. Покупкой доволен; если бы снова выбирал похожий вариант, начал бы сравнение именно с него."
32;24384;brave_spark_2184;1015;Колонка «Звук»;23.01.2026;Санкт-Петербург;true;2;4;"Заказал ради эксперимента; в первый день мнение было одним, а после нескольких домашних проверок стало заметно больше нюансов. Радует не одна крупная особенность, а набор мелочей: заряд держит вечер, бас есть, но без грохота. Из бытовых наблюдений — сразу сравнил с тем, что было дома. Не всё идеально, например радиус связи средний, но общее ощущение всё равно хорошее. Рекомендовать могу спокойно, особенно если не ждать роскоши за умеренные деньги."
33;24521;calm_trail_2221;1017;Кресло офисное «Опора»;06.02.2025;Челябинск;true;28;1;"Пишу после спокойной проверки; вещь прошла обычную домашнюю проверку, а не показательный тест на пять минут. Самое обидное, что идея хорошая, но исполнение хромает: подголовник низковат, через пару дней появился скрип. По мелочам картина такая: место в шкафу пришлось освободить заранее. Если закрыть глаза на проблемы, можно отметить, что высота регулируется плавно. Внешний вид не главный, поэтому смотрел больше на удобство. Буду искать замену, с этой вещью мириться не хочется."
34;24658;stone_camera_2258;1014;Смарт-часы «Пульс»;05.01.2025;Саранск;true;4;5;Думал, что будет проще: сценарий был такой — чтобы меньше доставать телефон, и после месяца стало понятно, насколько покупка попала в ожидания. Плюсы проявились быстро: уведомления приходят быстро, плюс заряда хватает на несколько дней, и ничего не пришлось дорабатывать. Мелочь, но она повлияла на впечатление: наклейки снялись без следов. Есть мелкая оговорка: зарядный магнит слабоват, однако на оценку почти не влияет. Возможно, в другом режиме использования впечатление было бы мягче. Не идеал на всю жизнь, но за свои деньги получилось достойно.
35;24795;gold_breeze_2295;1011;Беспроводная мышь «Клик»;09.03.2026;Калининград;true;1;5;"Покупка долго лежала в корзине; сначала смотрел на цену, но в итоге решали ощущения в повседневном использовании. Сначала не обратил внимания, но потом оценил: в ладони лежит удобно. Второй плюс — колёсико прокручивается тихо. Пару раз вспоминал, что приёмник легко потерять, однако раздражения это не вызвало. Внешний вид не главный, поэтому смотрел больше на удобство. Свою задачу закрывает уверенно, поэтому отзыв оставляю положительный."
36;24932;east_coder_2332;1013;Блендер «Вихрь»;22.12.2025;Нижний Новгород;false;23;5;"Взял, потому что старый вариант раздражал каждый день, и после проверки в обычном режиме стало ясно, где сильные и слабые стороны. Ожидал нормальный уровень, а получил чуть лучше: ножи острые; мыть детали удобно. По мелочам картина такая: дома сразу нашёлся человек, который захотел проверить первым. Минус нашёлся — крышка закрывается туго; просто он не перекрывает остальные плюсы. Слишком громких выводов делать не хочу, но впечатление уже сложилось. Покупкой доволен; если бы снова выбирал похожий вариант, начал бы сравнение именно с него."
37;25069;wind_maker_2369;1010;Электронная книга «Страница»;11.01.2025;Калуга;true;22;1;"Сначала заметил только упаковку, хотя обычно такие покупки оцениваю только после спокойного использования. С каждым днём всплывали мелкие раздражители: меню сначала кажется запутанным; отдельно бесит, что кнопки туговаты. Отдельно отмечу бытовую мелочь: на выдаче проверял без спешки. Если закрыть глаза на проблемы, можно отметить, что книги открываются быстро. Внешний вид не главный, поэтому смотрел больше на удобство. Возможно, в другом режиме использования впечатление было бы мягче. Итог простой: ожидал помощника, получил источник раздражения."
38;25206;happy_bear_2406;1007;Рюкзак «Город»;03.08.2025;Томск;true;8;4;"До этого пользовался другой моделью; в первый день мнение было одним, а после нескольких домашних проверок стало заметно больше нюансов. Плюсы проявились быстро: ткань выглядит плотной, плюс молнии ходят плавно, и ничего не пришлось дорабатывать. Не думал, что обращу внимание, но комплектация совпала с описанием. Есть мелкая оговорка: форма пустого рюкзака держится плохо, однако на оценку почти не влияет. Возможно, в другом режиме использования впечатление было бы мягче. После проверки сомнения ушли, сейчас воспринимаю покупку как удачную."
39;25343;simple_shadow_2443;1009;Смартфон «Искра»;25.02.2025;Ижевск;true;22;4;"Первый запуск прошёл не идеально; ожидания были простые, но проверка дома всё равно дала пару сюрпризов. Радует не одна крупная особенность, а набор мелочей: меню не тормозит, экран яркий даже на улице. Запомнился ещё один момент: цвет не спорит с остальными вещами дома. Из придирок могу назвать только то, что ночные фото мыльные, но для меня это не критично. Без рекламного восторга, просто впечатление от покупки в обычной жизни. Для моего сценария это попадание, пользоваться приятно почти каждый день."
40;25480;silent_field_2480;1006;Кофеварка «Бодрое утро»;31.01.2025;Калуга;true;5;2;Выбрала из-за отзывов и цены, хотя обычно такие покупки оцениваю только после спокойного использования. После нескольких попыток стало ясно: под высокую кружку места мало. Ещё неприятно, что вибрация на столе заметная. В реальной жизни оказалось важно, что детали в коробке не болтались. Нельзя сказать, что всё плохо: пенку взбивает прилично, однако настроение это не спасает. Для редкого использования требования были бы мягче, но я брал под регулярный сценарий. Жаль потраченных денег, потому что задумка была нормальная.
41;25617;urban_orbit_2517;1003;Робот-пылесос «Чистюля»;26.06.2025;Калининград;true;2;4;"При выборе смотрел не только на рейтинг; в первый день мнение было одним, а к четвёртому дню стало заметно больше нюансов. Ожидал нормальный уровень, а получил чуть лучше: крошки собирает уверенно; шерсть собирает лучше, чем ожидалось. Неожиданная деталь: сначала не понял, куда деть лишнюю упаковку. Из придирок могу назвать только то, что углы проходит лениво, но для меня это не критично. Без рекламного восторга, просто впечатление от покупки в обычной жизни. Рекомендовать могу спокойно, особенно если не ждать роскоши за умеренные деньги."
42;25754;brave_pepper_2554;1005;Увлажнитель воздуха «Туман»;15.01.2025;Махачкала;true;43;5;"Взяла, потому что дома давно просили обновить эту вещь; в первый день мнение было одним, а после нескольких домашних проверок стало заметно больше нюансов. Главное впечатление хорошее: подсветка мягкая, а ещё приятно, что воду доливать удобно. Запомнился ещё один момент: первое включение заняло пару минут. Если совсем придираться, ароматизация почти не чувствуется, но я к этому быстро привык. Сначала сомневался, теперь понимаю, что зря тянул с покупкой."
43;25891;calm_river_2591;1002;Наушники «Волна»;19.11.2025;Белгород;true;5;3;"По характеристикам выглядело убедительно; к концу недели стало понятно, что описание передаёт только часть картины. Покупка скорее рабочая, чем радующая: микрофон нормально ловит речь, хотя при долгом ношении давят. Из бытовых наблюдений — цвет не спорит с остальными вещами дома. Если бы не кейс быстро царапается, отзыв был бы заметно теплее. Пока пользуюсь, но если появится что-то удобнее, спокойно заменю."
44;26028;stone_reader_2628;1019;Термокружка «Тепло»;02.03.2025;Саранск;false;9;4;"Брал с запасом по времени; сценарий был простой — в машину, поэтому заметил не только очевидные вещи. Через несколько дней стало понятно: клапан открывается одной рукой. Отдельно отмечу, что моется без сложностей. Запомнился ещё один момент: в комплект заглянул внимательнее только на следующий день. Есть мелкая оговорка: объём кажется меньше заявленного, однако на оценку почти не влияет. Для подарка оценивал бы строже, для себя отношусь спокойнее. Больше всего радует, что не пришлось привыкать или искать обходные решения."
45;26165;gold_owl_2665;1001;Электрический чайник «Север»;29.10.2025;Тольятти;false;3;3;Покупала перед поездкой: под задачу «для кухни в съёмной квартире» — любые мелкие неудобства проявились довольно быстро. Для своей цены терпимо: крышка открывается мягко. Из неприятного — подставка кажется лёгкой. Для меня это было заметно: инструкцию пришлось читать дважды. В зависимости от ожиданий это можно простить, но я всё равно замечаю, что на максимальном уровне шумит заметнее. Оценка средняя: не провал, но и не покупка, о которой хочется рассказывать.
46;26302;east_comet_2702;1018;Дрель аккумуляторная «Мастер»;27.01.2025;Тюмень;true;23;4;"Сначала впечатление было странным: сценарий был такой — в гараж, и после обычной недели без тестов стало понятно, насколько покупка попала в ожидания. В моём сценарии всё сошлось удачно: патрон держит сверло крепко; ещё один плюс — в руке лежит уверенно. Не думал, что обращу внимание, но на витрине видел похожую вещь дороже. Не всё идеально, например переключатель туговат, но общее ощущение всё равно хорошее. Покупкой доволен; если бы снова выбирал похожий вариант, начал бы сравнение именно с него."
47;26439;wind_leaf_2739;1015;Колонка «Звук»;20.09.2025;Ростов-на-Дону;true;2;3;Покупка получилась спонтанной: хотелось, чтобы сценарий «в комнату подростка» закрывался без лишних танцев. Сначала понравилось, что бас есть, но без грохота, однако позже заметил: кнопки плохо видны в темноте. Вроде ерунда, но сразу сравнил с тем, что было дома. Когда пользуешься недолго, радует, что корпус выглядит крепким, но в быту вспоминаешь: при включении голос слишком резкий. Оценка средняя: не провал, но и не покупка, о которой хочется рассказывать.
48;26576;happy_signal_2776;1017;Кресло офисное «Опора»;14.05.2025;Москва;false;6;3;"Покупал без особых надежд; вещь прошла обычную домашнюю проверку, а не показательный тест на пять минут. Есть удачные моменты — подлокотники стоят ровно; при этом подголовник низковат. Для меня это было заметно: дома сразу нашлось подходящее место. Если бы не через пару дней появился скрип, отзыв был бы заметно теплее. Покупку не жалею, но восторга тоже нет."
49;26713;simple_coffee_2813;1014;Смарт-часы «Пульс»;07.08.2025;Москва;false;2;5;"Первые минуты после распаковки ничего не решили: покупка была под сценарий «для вечерних пробежек», поэтому оценивал не внешний вид, а удобство в деле. Работает ровно, без капризов: ремешок мягкий; дополнительно радует, что уведомления приходят быстро. Минус нашёлся — циферблатов мало; просто он не перекрывает остальные плюсы. Слишком громких выводов делать не хочу, но впечатление уже сложилось. Есть мелочи, но они не портят общего впечатления, поэтому оценка высокая."
50;26850;silent_fox_2850;1011;Беспроводная мышь «Клик»;23.08.2025;Калининград;true;2;1;"Упаковку открыл без ожидания чуда; сначала смотрел на цену, но в итоге решали ощущения в повседневном использовании. Ожидал хотя бы стабильности, но пластик скользит; потом заметил и то, что боковые кнопки расположены низко. Вроде ерунда, но доставка задержалась на один день. Поначалу понравилось, что заряд расходует медленно, но потом минусы вылезли сильнее. Без рекламного восторга, просто впечатление от покупки в обычной жизни. Ожидания были обычные, но даже их покупка не вытянула."
51;26987;urban_runner_2887;1013;Блендер «Вихрь»;28.01.2025;Нижний Новгород;false;10;3;По цене ожидания были сдержанные: сценарий на кухню после ремонта быстро показал, какие мелочи действительно важны. В первый день казалось лучше, потом мнение стало спокойнее: лёд колет лучше ожидаемого, но на второй скорости сильно шумит. В реальной жизни оказалось важно, что запаха почти не было. Если бы не при густом соусе приходится помогать ложкой, отзыв был бы заметно теплее. Внешний вид не главный, поэтому смотрел больше на удобство. Свою работу делает, но любви с первого взгляда не случилось.
52;27124;brave_badger_2924;1010;Электронная книга «Страница»;30.01.2026;Брянск;true;4;4;Заказал на пробу и не строил больших планов, хотя обычно такие покупки оцениваю только после спокойного использования. Вещь не пытается казаться премиальной, зато честно делает своё дело: обложка закрывается плотно, экран похож на бумагу. Неожиданная деталь: через пару минут уже стало ясно, где искать подвох. Проверял в обычных условиях, без специальных тестов. Сначала сомневался, теперь понимаю, что зря тянул с покупкой.
53;27261;calm_planet_2961;1007;Рюкзак «Город»;16.12.2025;Калуга;false;10;3;"Обычно беру такие вещи офлайн; вещь прошла обычную домашнюю проверку, а не показательный тест на пять минут. В первый день казалось лучше, потом мнение стало спокойнее: ноутбук помещается спокойно, но дно хотелось бы пожёстче. Из того, что не сразу видно по карточке: чек и гарантия лежали внутри. Главный плюс понятен — карманы расположены логично; главный компромисс тоже рядом — форма пустого рюкзака держится плохо. Сравнение не совсем честное, потому что прошлой вещью пользовался несколько лет. В целом жить можно, просто некоторые решения вызывают вопросы."
54;27398;stone_stone_2998;1009;Смартфон «Искра»;14.11.2025;Смоленск;false;15;3;"Заказ приехал как раз вовремя; для сценария ребёнку для школы специально не писал отзыв сразу после распаковки. Ни восторга, ни сильного разочарования: корпус лежит в руке удобно, но память забивается быстрее, чем думал. Не думал, что обращу внимание, но первое впечатление спасла аккуратная сборка. Главный плюс понятен — батареи хватает до вечера; главный компромисс тоже рядом — корпус скользкий. Пока пользуюсь, но если появится что-то удобнее, спокойно заменю."
55;27535;gold_ocean_3035;1006;Кофеварка «Бодрое утро»;22.12.2025;Брянск;true;4;3;"До этого пользовался другой моделью: хотелось, чтобы сценарий «для двух человек дома» закрывался без лишних танцев. Для своей цены терпимо: рожок фиксируется уверенно. Из неприятного — вибрация на столе заметная. С одной стороны, панель управления простая; с другой — под высокую кружку места мало. Понимаю, что у других опыт может отличаться. Если выбирать заново, сравнил бы внимательнее с соседними моделями."
56;27672;east_notebook_3072;1003;Робот-пылесос «Чистюля»;30.01.2026;Смоленск;true;12;3;Обычно такие покупки не запоминаются: под задачу «для однокомнатной квартиры» — любые мелкие неудобства проявились довольно быстро. Сильной эмоции покупка не вызвала: крошки собирает уверенно, а углы проходит лениво напоминает, что это не идеал. В реальной жизни оказалось важно, что детали в коробке не болтались. Когда пользуешься недолго, радует, что шерсть собирает лучше, чем ожидалось, но в быту вспоминаешь: на ковре иногда буксует. Оценка средняя: не провал, но и не покупка, о которой хочется рассказывать.
57;27809;wind_lantern_3109;1005;Увлажнитель воздуха «Туман»;17.08.2025;Красноярск;true;16;2;"Курьер привёз заказ утром, проверял на свежую голову, потому что нужна была вещь под сценарий «на отопительный сезон», а не красивая коробка с обещаниями. На бумаге всё выглядело лучше, чем в быту: индикатор ночью слишком яркий; вдобавок заливная крышка закручивается туго. Вроде ерунда, но первое использование пришлось на вечер после работы. Проверял в обычных условиях, без специальных тестов. Итог простой: ожидал помощника, получил источник раздражения."
58;27946;happy_pilot_3146;1002;Наушники «Волна»;13.05.2025;Сочи;true;4;2;"Покупка получилась спонтанной: сценарий для тренировок в зале быстро показал, какие мелочи действительно важны. В моём случае покупка не зашла: баса меньше, чем ожидалось; к тому же при долгом ношении давят. Неожиданная деталь: в руке ощущается проще, чем на картинке. Нельзя сказать, что всё плохо: в ушах сидят уверенно, однако настроение это не спасает. Проверял в обычных условиях, без специальных тестов. Для редкого использования ещё терпимо, для ежедневного — нет."
59;28083;simple_otter_3183;1019;Термокружка «Тепло»;18.09.2025;Ростов-на-Дону;true;5;3;По описанию всё выглядело красиво, и после проверки в обычном режиме стало ясно, где сильные и слабые стороны. Сначала понравилось, что моется без сложностей, однако позже заметил: первые дни был запах металла. Плюс в том, что в руке держать удобно. Минус рядом: дно скользит на столе. Для редкого использования требования были бы мягче, но я брал под регулярный сценарий. Пока пользуюсь, но если появится что-то удобнее, спокойно заменю.
60;28220;silent_rocket_3220;1001;Электрический чайник «Север»;06.02.2025;Барнаул;true;4;4;Взял, потому что старый вариант раздражал каждый день: под задачу «для кухни в съёмной квартире» — любые мелкие неудобства проявились довольно быстро. Больше всего понравилось, что крышка открывается мягко. Ещё заметно, что носик наливает без капель. Из того, что не сразу видно по карточке: дома сразу нашлось подходящее место. Не всё идеально, например после кипячения остаётся запах пластика, но общее ощущение всё равно хорошее. Понимаю, что у других опыт может отличаться. Для моего сценария это попадание, пользоваться приятно почти каждый день.
61;28357;urban_cloud_3257;1018;Дрель аккумуляторная «Мастер»;17.02.2025;Саранск;true;9;3;До покупки читал и хорошие, и злые отзывы: сценарий для сборки мебели быстро показал, какие мелочи действительно важны. В целом всё примерно как ожидал: для домашних задач мощности хватает, но кейс пахнет пластиком. Вроде не главный пункт, однако первое использование пришлось на вечер после работы. Если бы не зарядник греется, отзыв был бы заметно теплее. На эмоциях поставил бы другую оценку, но потом мнение выровнялось. Оставлю, но всем подряд советовать не стану.
62;28494;brave_forest_3294;1015;Колонка «Звук»;03.02.2025;Москва;true;11;3;"После распаковки сразу нашёл пару мелочей; для сценария для музыки в ванной комнате специально не писал отзыв сразу после распаковки. Если не придираться, пользоваться можно: соединяется быстро. Но корпус пачкается портит общее ощущение. Мелочь, но она повлияла на впечатление: запуск не занял много времени. Плюс в том, что играет громко для своего размера. Минус рядом: радиус связи средний. Пока пользуюсь, но если появится что-то удобнее, спокойно заменю."
63;28631;calm_canvas_3331;1017;Кресло офисное «Опора»;11.01.2026;Рязань;true;18;2;Поставила в список покупок заранее, хотя обычно такие покупки оцениваю только после спокойного использования. Главная проблема — болты пришлось подтягивать. С этим ещё можно было бы жить, если бы не для высокого человека сиденье короткое. Из бытовых наблюдений — в руке ощущается проще, чем на картинке. Поначалу понравилось, что сиденье мягкое без провала, но потом минусы вылезли сильнее. Понимаю, что у других опыт может отличаться. Жаль потраченных денег, потому что задумка была нормальная.
64;28768;stone_cactus_3368;1014;Смарт-часы «Пульс»;15.09.2025;Ростов-на-Дону;true;8;4;"После распаковки сразу нашёл пару мелочей: покупка была под сценарий «в подарок мужу», поэтому оценивал не внешний вид, а удобство в деле. Ожидал нормальный уровень, а получил чуть лучше: уведомления приходят быстро; будильник вибрирует аккуратно. Вроде не главный пункт, однако первое впечатление спасла аккуратная сборка. Из придирок могу назвать только то, что циферблатов мало, но для меня это не критично. Возможно, в другом режиме использования впечатление было бы мягче. Больше всего радует, что не пришлось привыкать или искать обходные решения."
65;28905;gold_tiger_3405;1011;Беспроводная мышь «Клик»;30.12.2025;Москва;true;3;5;"Нужна была вещь без лишних функций: под задачу «для работы из дома» — любые мелкие неудобства проявились довольно быстро. В моём сценарии всё сошлось удачно: подключилась без танцев; ещё один плюс — курсор двигается ровно. В реальной жизни оказалось важно, что дома сразу нашёлся человек, который захотел проверить первым. Не всё идеально, например иногда просыпается с задержкой, но общее ощущение всё равно хорошее. Рекомендовать могу спокойно, особенно если не ждать роскоши за умеренные деньги."
66;29042;east_falcon_3442;1013;Блендер «Вихрь»;25.06.2025;Ульяновск;true;11;3;"Привёз домой и начал проверять без паузы, и после проверки в обычном режиме стало ясно, где сильные и слабые стороны. Обычная покупка без сюрпризов: мыть детали удобно, при этом шнур короткий. Отдельно отмечу бытовую мелочь: цвет не спорит с остальными вещами дома. С одной стороны, чаша фиксируется надёжно; с другой — крышка закрывается туго. Оценка средняя: не провал, но и не покупка, о которой хочется рассказывать."
67;29179;wind_sparrow_3479;1010;Электронная книга «Страница»;02.08.2025;Чебоксары;true;1;2;Брала не для себя, хотя обычно такие покупки оцениваю только после спокойного использования. Разочарование началось не сразу: кнопки туговаты, а потом ещё выяснилось, что корпус маркий. В реальной жизни оказалось важно, что через пару минут уже стало ясно, где искать подвох. Внешне всё ещё нормально, да и глаза устают меньше, но пользоваться приятно не стало. Сначала дома отнеслись скептически, потом тоже заметили результат. Итог простой: ожидал помощника, получил источник раздражения.
68;29316;happy_pixel_3516;1007;Рюкзак «Город»;21.11.2025;Сургут;true;7;4;"Распаковал без особого восторга: покупка была под сценарий «для учёбы», поэтому оценивал не внешний вид, а удобство в деле. Главное впечатление хорошее: лямки не давят, а ещё приятно, что спина почти не потеет. Из бытовых наблюдений — первый тест делали вечером после работы. Минус нашёлся — после дождя ткань темнеет; просто он не перекрывает остальные плюсы. Больше всего радует, что не пришлось привыкать или искать обходные решения."
69;29453;simple_harbor_3553;1009;Смартфон «Искра»;30.12.2025;Иваново;true;4;2;"Вернулся к отзыву спустя время, хотя обычно такие покупки оцениваю только после спокойного использования. С каждым днём всплывали мелкие раздражители: память забивается быстрее, чем думал; отдельно бесит, что обновление заняло почти час. Вроде не главный пункт, однако чек и гарантия лежали внутри. Нельзя сказать, что всё плохо: корпус лежит в руке удобно, однако настроение это не спасает. Буду искать замену, с этой вещью мириться не хочется."
70;29590;silent_vector_3590;1006;Кофеварка «Бодрое утро»;01.03.2025;Чебоксары;true;16;5;"Покупал без особых надежд; сначала смотрел на цену, но в итоге решали ощущения в повседневном использовании. В ежедневном использовании порадовало, что пенку взбивает прилично; второе удачное наблюдение — нагревается быстро. Из бытовых наблюдений — первое включение заняло пару минут. Из придирок могу назвать только то, что вибрация на столе заметная, но для меня это не критично. Отзыв получается не совсем однозначный, зато честный по ощущениям. Сначала сомневался, теперь понимаю, что зря тянул с покупкой."
71;29727;urban_marble_3627;1003;Робот-пылесос «Чистюля»;07.03.2026;Самара;true;13;4;"Обычно такие покупки не запоминаются; вещь прошла обычную домашнюю проверку, а не показательный тест на пять минут. Сначала не обратил внимания, но потом оценил: контейнер вынимается легко. Второй плюс — приложение понятное. Запомнился ещё один момент: цвет вживую оказался спокойнее. Если совсем придираться, контейнер маловат, но я к этому быстро привык. На эмоциях поставил бы другую оценку, но потом мнение выровнялось. Домашние замечания тоже учёл, потому что пользовался не один. Есть мелочи, но они не портят общего впечатления, поэтому оценка высокая."
72;29864;brave_panda_3664;1005;Увлажнитель воздуха «Туман»;10.02.2025;Воронеж;true;5;2;На подарок брать не рискнул, сначала проверил сам, хотя обычно такие покупки оцениваю только после спокойного использования. Не назову это полной катастрофой, но заливная крышка закручивается туго. К тому же вокруг иногда появляется белый налёт. Запомнился ещё один момент: на ощупь материал оказался не таким, как представлял. Внешне всё ещё нормально, да и комната перестала быть сухой, но пользоваться приятно не стало. Сравнение не совсем честное, потому что прошлой вещью пользовался несколько лет. После пары дней эмоции улеглись, и оценка стала более честной. Возможно, кому-то повезёт больше, но мой экземпляр оставил плохое впечатление.
73;30001;calm_dreamer_3701;1002;Наушники «Волна»;19.03.2025;Челябинск;true;2;4;Нужен был подарок без слишком личного подтекста: сценарий был такой — в подарок брату, и примерно через две недели стало понятно, насколько покупка попала в ожидания. Без лишней настройки получилось пользоваться сразу: в ушах сидят уверенно, шум улицы приглушают неплохо. В реальной жизни оказалось важно, что коробка пришла целая. Есть мелкая оговорка: сенсор слишком чувствительный, однако на оценку почти не влияет. Слишком громких выводов делать не хочу, но впечатление уже сложилось. Свою задачу закрывает уверенно, поэтому отзыв оставляю положительный.
74;30138;stone_wolf_3738;1019;Термокружка «Тепло»;19.01.2026;Ростов-на-Дону;true;14;3;"При выборе смотрел не только на рейтинг; сначала смотрел на цену, но в итоге решали ощущения в повседневном использовании. В целом всё примерно как ожидал: моется без сложностей, но дно скользит на столе. Если бы не корпус легко царапается, отзыв был бы заметно теплее. Слишком громких выводов делать не хочу, но впечатление уже сложилось. Пока пользуюсь, но если появится что-то удобнее, спокойно заменю."
75;30275;gold_echo_3775;1001;Электрический чайник «Север»;24.01.2026;Вологда;true;39;1;Сравниваю с прошлой покупкой, и после проверки в обычном режиме стало ясно, где сильные и слабые стороны. После нескольких попыток стало ясно: шкала воды читается плохо. Ещё неприятно, что крышка иногда заедает. Мелочь, но она повлияла на впечатление: цена на момент покупки была средней. Если закрыть глаза на проблемы, можно отметить, что корпус легко протирается. Мне важнее практичность, поэтому на красивую упаковку почти не смотрел. Если бы знал заранее, выбрал бы вариант дороже, но спокойнее.
76;30412;east_bridge_3812;1018;Дрель аккумуляторная «Мастер»;16.02.2025;Череповец;true;17;3;Внешне покупка показалась спокойной: под задачу «чтобы повесить полки» — любые мелкие неудобства проявились довольно быстро. Для своей цены терпимо: патрон держит сверло крепко. Из неприятного — на бетоне сдаётся быстро. Плюс в том, что в руке лежит уверенно. Минус рядом: второго аккумулятора не хватает. Сначала дома отнеслись скептически, потом тоже заметили результат. Пока пользуюсь, но если появится что-то удобнее, спокойно заменю.
77;30549;wind_button_3849;1015;Колонка «Звук»;26.02.2025;Екатеринбург;false;6;1;"Нужен был вариант на каждый день, и после проверки в обычном режиме стало ясно, где сильные и слабые стороны. С каждым днём всплывали мелкие раздражители: нет чехла в комплекте; отдельно бесит, что при включении голос слишком резкий. Мелочь, но она повлияла на впечатление: покупка приехала в самый загруженный день недели. Внешне всё ещё нормально, да и голос в подкастах разборчивый, но пользоваться приятно не стало. Писал отзыв не в день покупки, специально подождал до спокойного вывода. Поставил низкую оценку не из вредности, а из-за реальных проблем в использовании."
78;30686;happy_sunset_3886;1017;Кресло офисное «Опора»;11.11.2025;Оренбург;true;1;4;Внешне покупка показалась спокойной: сценарий в домашний кабинет быстро показал, какие мелочи действительно важны. Без лишней настройки получилось пользоваться сразу: подлокотники стоят ровно, сиденье мягкое без провала. Из бытовых наблюдений — инструкцию пришлось читать дважды. Пару раз вспоминал, что через пару дней появился скрип, однако раздражения это не вызвало. Сравнение не совсем честное, потому что прошлой вещью пользовался несколько лет. После проверки сомнения ушли, сейчас воспринимаю покупку как удачную.
79;30823;simple_walker_3923;1014;Смарт-часы «Пульс»;01.06.2025;Томск;false;0;4;"Упаковку открыл без ожидания чуда; ожидания были простые, но проверка дома всё равно дала пару сюрпризов. В моём сценарии всё сошлось удачно: уведомления приходят быстро; ещё один плюс — заряда хватает на несколько дней. В реальной жизни оказалось важно, что первое использование пришлось на вечер после работы. Из придирок могу назвать только то, что сон определяет не всегда точно, но для меня это не критично. Слишком громких выводов делать не хочу, но впечатление уже сложилось. После проверки сомнения ушли, сейчас воспринимаю покупку как удачную."
80;30960;silent_rider_3960;1011;Беспроводная мышь «Клик»;16.02.2025;Улан-Удэ;true;4;5;"Покупала для конкретного места в квартире, потому что нужна была вещь под сценарий «для работы из дома», а не красивая коробка с обещаниями. Главное впечатление хорошее: подключилась без танцев, а ещё приятно, что заряд расходует медленно. Из бытовых наблюдений — первый тест делали вечером после работы. Минус нашёлся — боковые кнопки расположены низко; просто он не перекрывает остальные плюсы. Для моего сценария это попадание, пользоваться приятно почти каждый день."
81;31097;urban_lion_3997;1013;Блендер «Вихрь»;11.01.2026;Рязань;true;17;5;"Выбирал между двумя похожими вариантами; ожидания были простые, но проверка дома всё равно дала пару сюрпризов. Работает ровно, без капризов: лёд колет лучше ожидаемого; дополнительно радует, что чаша фиксируется надёжно. Не всё идеально, например при густом соусе приходится помогать ложкой, но общее ощущение всё равно хорошее. На эмоциях поставил бы другую оценку, но потом мнение выровнялось. Для моего сценария это попадание, пользоваться приятно почти каждый день."
82;31234;brave_spark_4034;1010;Электронная книга «Страница»;31.03.2026;Махачкала;true;6;4;"В корзине лежало три варианта, оставил этот; в первый день мнение было одним, а к середине второй недели стало заметно больше нюансов. Радует не одна крупная особенность, а набор мелочей: заряд держится неделями, шрифты настраиваются удобно. В реальной жизни оказалось важно, что упаковка была слегка помята. Пару раз вспоминал, что кнопки туговаты, однако раздражения это не вызвало. Больше всего радует, что не пришлось привыкать или искать обходные решения."
83;31371;calm_trail_4071;1007;Рюкзак «Город»;07.12.2025;Тольятти;true;8;3;Дома отнеслись к покупке скептически: сценарий под ноутбук и зарядки быстро показал, какие мелочи действительно важны. Покупка скорее рабочая, чем радующая: ткань выглядит плотной, хотя ремешки быстро ослабляются. В реальной жизни оказалось важно, что после распаковки пришлось протереть пыль. В зависимости от ожиданий это можно простить, но я всё равно замечаю, что форма пустого рюкзака держится плохо. Оценка средняя: не провал, но и не покупка, о которой хочется рассказывать.
84;31508;stone_camera_4108;1009;Смартфон «Искра»;28.07.2025;Краснодар;true;18;4;"Взял после долгого сравнения; вещь прошла обычную домашнюю проверку, а не показательный тест на пять минут. Через несколько дней стало понятно: меню не тормозит. Отдельно отмечу, что корпус лежит в руке удобно. Отдельно отмечу бытовую мелочь: первое включение заняло пару минут. Из придирок могу назвать только то, что память забивается быстрее, чем думал, но для меня это не критично. Свою задачу закрывает уверенно, поэтому отзыв оставляю положительный."
85;31645;gold_breeze_4145;1006;Кофеварка «Бодрое утро»;07.01.2025;Воронеж;false;3;3;"Заказ приехал как раз вовремя, и после проверки в обычном режиме стало ясно, где сильные и слабые стороны. Есть удачные моменты — кофе получается насыщенным; при этом под высокую кружку места мало. Неожиданная деталь: наклейки снялись без следов. Мне важнее практичность, поэтому на красивую упаковку почти не смотрел. В целом жить можно, просто некоторые решения вызывают вопросы."
86;31782;east_coder_4182;1003;Робот-пылесос «Чистюля»;26.03.2025;Уфа;true;7;1;Смотрел на эту позицию несколько недель: покупка была под сценарий «маме, которой тяжело пылесосить», поэтому оценивал не внешний вид, а удобство в деле. Минусы перекрыли нормальные стороны: контейнер маловат, на ковре иногда буксует. Отдельно отмечу бытовую мелочь: цвет вживую оказался спокойнее. Нельзя сказать, что всё плохо: сам находит базу, однако настроение это не спасает. Ожидания были обычные, но даже их покупка не вытянула.
87;31919;wind_maker_4219;1005;Увлажнитель воздуха «Туман»;07.04.2025;Санкт-Петербург;false;4;4;"Сначала отнёсся к покупке как к временной; вещь прошла обычную домашнюю проверку, а не показательный тест на пять минут. Сначала не обратил внимания, но потом оценил: подсветка мягкая. Второй плюс — воду доливать удобно. По мелочам картина такая: дома сразу нашлось подходящее место. Пару раз вспоминал, что ароматизация почти не чувствуется, однако раздражения это не вызвало. Для подарка оценивал бы строже, для себя отношусь спокойнее. Есть мелочи, но они не портят общего впечатления, поэтому оценка высокая."
88;32056;happy_bear_4256;1002;Наушники «Волна»;28.06.2025;Астрахань;true;18;4;"Решил оставить отзыв после нескольких обычных дней; вещь прошла обычную домашнюю проверку, а не показательный тест на пять минут. Вещь не пытается казаться премиальной, зато честно делает своё дело: микрофон нормально ловит речь, шум улицы приглушают неплохо. Вроде ерунда, но размер оказался ближе к верхней границе ожиданий. Пару раз вспоминал, что одно ухо иногда теряет связь, однако раздражения это не вызвало. Для редкого использования требования были бы мягче, но я брал под регулярный сценарий. После проверки сомнения ушли, сейчас воспринимаю покупку как удачную."
89;32193;simple_shadow_4293;1019;Термокружка «Тепло»;03.11.2025;Сургут;true;7;4;"Покупка долго лежала в корзине; для сценария на прогулки зимой специально не писал отзыв сразу после распаковки. Без лишней настройки получилось пользоваться сразу: чай остаётся горячим долго, моется без сложностей. Из бытовых наблюдений — упаковку открывали всей семьёй. Пару раз вспоминал, что крышка разбирается неочевидно, однако раздражения это не вызвало. Домашние замечания тоже учёл, потому что пользовался не один. Для моего сценария это попадание, пользоваться приятно почти каждый день."
90;32330;silent_field_4330;1001;Электрический чайник «Север»;09.07.2025;Чебоксары;true;3;4;"Решил посмотреть, как поведёт себя в реальных условиях; в первый день мнение было одним, а к середине второй недели стало заметно больше нюансов. Больше всего понравилось, что ручка не греется. Ещё заметно, что шум умеренный. Вроде ерунда, но детали в коробке не болтались. Минус нашёлся — после кипячения остаётся запах пластика; просто он не перекрывает остальные плюсы. Рекомендовать могу спокойно, особенно если не ждать роскоши за умеренные деньги."
91;32467;urban_orbit_4367;1018;Дрель аккумуляторная «Мастер»;17.08.2025;Череповец;true;5;2;"Купила по совету знакомой, и после проверки в обычном режиме стало ясно, где сильные и слабые стороны. Ожидал хотя бы стабильности, но зарядник греется; потом заметил и то, что на бетоне сдаётся быстро. Вроде не главный пункт, однако место в шкафу пришлось освободить заранее. Поначалу понравилось, что аккумулятор заряжается быстро, но потом минусы вылезли сильнее. Может быть, я придираюсь, но такие детали замечаешь только дома. Мне важнее практичность, поэтому на красивую упаковку почти не смотрел. Жаль потраченных денег, потому что задумка была нормальная."
92;32604;brave_pepper_4404;1015;Колонка «Звук»;16.12.2025;Новосибирск;true;9;5;Взял для обычного бытового сценария: под задачу «на кухню» — любые мелкие неудобства проявились довольно быстро. Сначала не обратил внимания, но потом оценил: корпус выглядит крепким. Второй плюс — соединяется быстро. Запомнился ещё один момент: сначала не понял, куда деть лишнюю упаковку. Не всё идеально, например радиус связи средний, но общее ощущение всё равно хорошее. Писал отзыв не в день покупки, специально подождал до спокойного вывода. Есть мелочи, но они не портят общего впечатления, поэтому оценка высокая.
93;32741;calm_river_4441;1017;Кресло офисное «Опора»;28.02.2025;Иркутск;true;14;3;Заказывала почти наугад: сценарий для длинных созвонов быстро показал, какие мелочи действительно важны. Удобство есть, но не без оговорок: колёса ездят тихо, зато болты пришлось подтягивать. В реальной жизни оказалось важно, что ярких эмоций при распаковке не было. На эмоциях поставил бы другую оценку, но потом мнение выровнялось. Оставлю, но всем подряд советовать не стану.
94;32878;stone_reader_4478;1014;Смарт-часы «Пульс»;06.01.2026;Пермь;true;3;4;"Ждал доставку с осторожным интересом: под задачу «для уведомлений на руке» — любые мелкие неудобства проявились довольно быстро. Радует не одна крупная особенность, а набор мелочей: будильник вибрирует аккуратно, шаги считает похоже на правду. В реальной жизни оказалось важно, что детали в коробке не болтались. Из придирок могу назвать только то, что ремешок собирает пыль, но для меня это не критично. Без рекламного восторга, просто впечатление от покупки в обычной жизни. Возможно, в другом режиме использования впечатление было бы мягче. Покупкой доволен; если бы снова выбирал похожий вариант, начал бы сравнение именно с него."
95;33015;gold_owl_4515;1011;Беспроводная мышь «Клик»;14.06.2025;Омск;true;7;5;"В магазине похожие варианты были дороже; в первый день мнение было одним, а за несколько вечеров стало заметно больше нюансов. Вещь не пытается казаться премиальной, зато честно делает своё дело: курсор двигается ровно, подключилась без танцев. Вроде ерунда, но цена на момент покупки была средней. Если совсем придираться, боковые кнопки расположены низко, но я к этому быстро привык. Для редкого использования требования были бы мягче, но я брал под регулярный сценарий. Для меня решающими оказались не характеристики, а мелочи в быту. Рекомендовать могу спокойно, особенно если не ждать роскоши за умеренные деньги."
96;33152;east_comet_4552;1013;Блендер «Вихрь»;11.07.2025;Красноярск;true;13;4;"Решил не торопиться с оценкой: под задачу «для соусов и коктейлей» — любые мелкие неудобства проявились довольно быстро. Сначала не обратил внимания, но потом оценил: смузи получается без кусочков. Второй плюс — лёд колет лучше ожидаемого. По мелочам картина такая: через пару минут уже стало ясно, где искать подвох. Минус нашёлся — на второй скорости сильно шумит; просто он не перекрывает остальные плюсы. Проверял в обычных условиях, без специальных тестов. Возможно, в другом режиме использования впечатление было бы мягче. Рекомендовать могу спокойно, особенно если не ждать роскоши за умеренные деньги."
97;33289;wind_leaf_4589;1010;Электронная книга «Страница»;02.07.2025;Смоленск;true;7;1;Поставила в список покупок заранее: под задачу «чтобы не носить тяжёлые книги» — любые мелкие неудобства проявились довольно быстро. Минусы перекрыли нормальные стороны: обложка добавляет веса, кнопки туговаты. Вроде ерунда, но после распаковки пришлось протереть пыль. Поначалу понравилось, что книги открываются быстро, но потом минусы вылезли сильнее. Сравнение не совсем честное, потому что прошлой вещью пользовался несколько лет. Возвращать уже поздно, но второй раз такой вариант точно не купил бы.
98;33426;happy_signal_4626;1007;Рюкзак «Город»;21.03.2025;Иваново;false;4;4;"Первые минуты после распаковки ничего не решили; после двух поездок стало понятно, что описание передаёт только часть картины. Главное впечатление хорошее: молнии ходят плавно, а ещё приятно, что спина почти не потеет. В реальной жизни оказалось важно, что в руке ощущается проще, чем на картинке. Есть мелкая оговорка: форма пустого рюкзака держится плохо, однако на оценку почти не влияет. Для редкого использования требования были бы мягче, но я брал под регулярный сценарий. Не идеал на всю жизнь, но за свои деньги получилось достойно."
99;33563;simple_coffee_4663;1009;Смартфон «Искра»;15.05.2025;Воронеж;true;0;4;"Мне было важно обойтись без сюрпризов: хотелось, чтобы сценарий «на замену старому телефону» закрывался без лишних танцев. Главное впечатление хорошее: корпус лежит в руке удобно, а ещё приятно, что камера днём снимает хорошо. Из бытовых наблюдений — покупка приехала в самый загруженный день недели. Минус нашёлся — корпус скользкий; просто он не перекрывает остальные плюсы. Оставляю высокую оценку: покупка действительно помогает, а не просто занимает место."
100;33700;silent_fox_4700;1006;Кофеварка «Бодрое утро»;16.02.2025;Нижний Новгород;true;5;4;"Вернулся к отзыву спустя время; вещь прошла обычную домашнюю проверку, а не показательный тест на пять минут. Радует не одна крупная особенность, а набор мелочей: кофе получается насыщенным, нагревается быстро. Отдельно отмечу бытовую мелочь: комплектация совпала с описанием. Не всё идеально, например инструкция написана сухо, но общее ощущение всё равно хорошее. Внешний вид не главный, поэтому смотрел больше на удобство. Для меня решающими оказались не характеристики, а мелочи в быту. Оставляю высокую оценку: покупка действительно помогает, а не просто занимает место."